-- Permisos
INSERT INTO user_permissions (id, permission_name) VALUES
                                                       ('b0000000-0000-0000-0000-000000000001', 'VER_ESPACIOS'),
                                                       ('b0000000-0000-0000-0000-000000000002', 'REALIZAR_RESERVAS'),
                                                       ('b0000000-0000-0000-0000-000000000003', 'CANCELAR_RESERVAS_PROPIAS'),
                                                       ('b0000000-0000-0000-0000-000000000004', 'VER_TODAS_RESERVAS'),
                                                       ('b0000000-0000-0000-0000-000000000005', 'GESTIONAR_RESERVAS'),
                                                       ('b0000000-0000-0000-0000-000000000006', 'VER_USUARIOS'),
                                                       ('b0000000-0000-0000-0000-000000000007', 'DESACTIVAR_USUARIOS'),
                                                       ('b0000000-0000-0000-0000-000000000008', 'CAMBIAR_ROL_USUARIO'),
                                                       ('b0000000-0000-0000-0000-000000000009', 'INVITAR_ADMINISTRADORES'),
                                                       ('b0000000-0000-0000-0000-000000000010', 'GESTIONAR_ESPACIOS'),
                                                       ('b0000000-0000-0000-0000-000000000011', 'EDITAR_PERMISOS_ROLES'),
                                                       ('b0000000-0000-0000-0000-000000000012', 'VER_REPORTES');

-- Roles
INSERT INTO user_roles (id, role_name) VALUES
                                           ('a0000000-0000-0000-0000-000000000001', 'CLIENTE'),
                                           ('a0000000-0000-0000-0000-000000000002', 'ADMINISTRADOR'),
                                           ('a0000000-0000-0000-0000-000000000003', 'ADMINISTRADOR_PRINCIPAL');

-- Cliente: 3 permisos
INSERT INTO user_role_permissions (role_id, permission_id) VALUES
                                                               ('a0000000-0000-0000-0000-000000000001', 'b0000000-0000-0000-0000-000000000001'),
                                                               ('a0000000-0000-0000-0000-000000000001', 'b0000000-0000-0000-0000-000000000002'),
                                                               ('a0000000-0000-0000-0000-000000000001', 'b0000000-0000-0000-0000-000000000003');

-- Administrador: 10 permisos
INSERT INTO user_role_permissions (role_id, permission_id) VALUES
                                                               ('a0000000-0000-0000-0000-000000000002', 'b0000000-0000-0000-0000-000000000001'),
                                                               ('a0000000-0000-0000-0000-000000000002', 'b0000000-0000-0000-0000-000000000002'),
                                                               ('a0000000-0000-0000-0000-000000000002', 'b0000000-0000-0000-0000-000000000003'),
                                                               ('a0000000-0000-0000-0000-000000000002', 'b0000000-0000-0000-0000-000000000004'),
                                                               ('a0000000-0000-0000-0000-000000000002', 'b0000000-0000-0000-0000-000000000005'),
                                                               ('a0000000-0000-0000-0000-000000000002', 'b0000000-0000-0000-0000-000000000006'),
                                                               ('a0000000-0000-0000-0000-000000000002', 'b0000000-0000-0000-0000-000000000007'),
                                                               ('a0000000-0000-0000-0000-000000000002', 'b0000000-0000-0000-0000-000000000009'),
                                                               ('a0000000-0000-0000-0000-000000000002', 'b0000000-0000-0000-0000-000000000010'),
                                                               ('a0000000-0000-0000-0000-000000000002', 'b0000000-0000-0000-0000-000000000012');

-- Administrador Principal: 12 permisos
INSERT INTO user_role_permissions (role_id, permission_id) VALUES
                                                               ('a0000000-0000-0000-0000-000000000003', 'b0000000-0000-0000-0000-000000000001'),
                                                               ('a0000000-0000-0000-0000-000000000003', 'b0000000-0000-0000-0000-000000000002'),
                                                               ('a0000000-0000-0000-0000-000000000003', 'b0000000-0000-0000-0000-000000000003'),
                                                               ('a0000000-0000-0000-0000-000000000003', 'b0000000-0000-0000-0000-000000000004'),
                                                               ('a0000000-0000-0000-0000-000000000003', 'b0000000-0000-0000-0000-000000000005'),
                                                               ('a0000000-0000-0000-0000-000000000003', 'b0000000-0000-0000-0000-000000000006'),
                                                               ('a0000000-0000-0000-0000-000000000003', 'b0000000-0000-0000-0000-000000000007'),
                                                               ('a0000000-0000-0000-0000-000000000003', 'b0000000-0000-0000-0000-000000000008'),
                                                               ('a0000000-0000-0000-0000-000000000003', 'b0000000-0000-0000-0000-000000000009'),
                                                               ('a0000000-0000-0000-0000-000000000003', 'b0000000-0000-0000-0000-000000000010'),
                                                               ('a0000000-0000-0000-0000-000000000003', 'b0000000-0000-0000-0000-000000000011'),
                                                               ('a0000000-0000-0000-0000-000000000003', 'b0000000-0000-0000-0000-000000000012');